address_ID,donation_id,donor_first_name,donor_last_name,donation_date,donation_amount,payment_method,unit_num,street_number,street_name,street_type,street_direction,postal_code,city,province,group_leader,first_name,last_name,volunteer_ID,vol
1,101,John,Smith,1/1/2022,100,Credit Card,123,456,Main St,Ave,N,A1B 2C3,Toronto,ON,Group A,Vinay,Nayak,190,1
2,102,Sarah,Lee,2/1/2022,50,Cash,45,678,Elm St,Blvd,W,M1N 2P3,Scarborough,ON,Group A,Vinay,Nayak,190,2
3,103,Michael,Brown,3/1/2022,75,Check,789,1011,Oak St,Rd,E,V6R 2R3,Vancouver,BC,Group B,Vinay,Nayak,190,3
4,104,Emily,Wilson,4/1/2022,200,Credit Card,345,121,High St,St,N,L8N 2W6,Hamilton,ON,Group B,Vinay,Nayak,190,4
5,105,James,Martin,5/1/2022,150,Check,567,890,Maple Ave,Ave,S,H3W 3B1,Montreal,QC,Group A,Vinay,Nayak,190,5
6,106,Sophia,Garcia,6/1/2022,100,Cash,456,232,Cedar St,Rd,W,K1N 5J2,Ottawa,ON,Group A,Vinay,Nayak,190,6
7,107,Ethan,Martinez,7/1/2022,75,Credit Card,789,567,Pine Ave,Blvd,E,G1R 3Z6,Quebec City,QC,Group B,Vinay,Nayak,190,7
8,108,Olivia,Davis,8/1/2022,150,Check,1011,1212,King St,St,S,R3L 0N3,Winnipeg,MB,Group B,Vinay,Nayak,190,8
9,109,Benjamin,Rodriguez,9/1/2022,200,Cash,1212,343,Queen St,Ave,W,L1N 5V5,Oshawa,ON,Group A,Vinay,Nayak,190,9
10,110,Bukayo,Saka,10/1/2022,175,Credit Card,345,45,Maple St,Ave,S,M4C 1Z1,Toronto,ON,Group A,Vinay,Nayak,190,10
11,111,Martin,Odegaard,11/1/2022,400,Cash,456,789,Birch St,Blvd,W,H2J 3B8,Montreal,QC,Group B,Vinay,Nayak,190,11
12,112,Gabriel,Jesus,12/1/2022,300,Check,457,345,Bathurst St,Rd,N,V5L 2T2,Vancouver,BC,Group B,Vinay,Nayak,190,12
13,113,Gabriel,Martinelli ,13/1/2022,120,Credit Card,224,567,Elm St,St,E,T2K 3G4,Calgary,AB,Group A,Vinay,Nayak,190,13
14,114,Aaron,Ramsdale,14/1/2022,500,Check,146,456,Pine St,Ave,S,L8N 2W6,Hamilton ,ON,Group A,Vinay,Nayak,190,14
15,115,Benjamin,White,15/1/2022,150,Cash,311,345,Richmond St,Rd,W,J8B 2T6,Quebec City,QC,Group B,Vinay,Nayak,190,15
16,116,Rahul,Gupta,1/2/2022,50,Cheque,456,789,Second,Ave,E,V5T 2M2,Vancouver,BC,Group C,Burhanuddin,Dhinojwala,195,16
17,117,Priya,Patel,1/3/2022,200,Cash,789,123,Third,St,W,L6S 5K5,Brampton,ON,Group A,Burhanuddin,Dhinojwala,195,17
18,118,Sanjay,Singh,1/4/2022,75,Cash,234,567,Fourth,Ave,S,M5R 1V9,Toronto,ON,Group D,Burhanuddin,Dhinojwala,195,18
19,119,Deepak,Sharma,1/5/2022,150,Credit Card,345,678,Fifth,St,N,L6Y 5Z7,Mississauga,ON,Group B,Burhanuddin,Dhinojwala,195,19
20,120,Meena,Gupta,1/6/2022,100,Credit Card,567,890,Sixth,Ave,E,T5J 1N9,Edmonton,AB,Group A,Burhanuddin,Dhinojwala,195,20
21,121,Rohit,Patel,1/7/2022,50,Cheque,789,234,Seventh,St,W,T2H 0L9,Calgary,AB,Group D,Burhanuddin,Dhinojwala,195,21
22,122,Anjali,Singh,1/8/2022,200,Cash,901,345,Eighth,Ave,S,V6Z 1A7,Vancouver,BC,Group B,Burhanuddin,Dhinojwala,195,22
23,123,Vivek,Sharma,1/9/2022,75,Cash,234,456,Ninth,St,N,T6G 2J7,Edmonton,AB,Group C,Burhanuddin,Dhinojwala,195,23
24,124,Emily,Zhang,2/5/2022,75,Credit Card,203,456,Maple,Blvd,W,H3C 3E9,Montreal,QC,Group B,Burhanuddin,Dhinojwala,195,24
25,125,Jacob,Lee,3/10/2022,100,Credit Card,34,987,Main,St,N,M5S 1B1,Toronto,ON,Group A,Burhanuddin,Dhinojwala,195,25
26,126,Olivia,Wang,4/15/2022,50,Credit Card,2,345,Kingsway,Rd,E,V5T 3J1,Vancouver,BC,Group D,Burhanuddin,Dhinojwala,195,26
27,127,Ethan,Liu,5/20/2022,150,Cheque,506,123,Queen,St,W,K1P 5E1,Ottawa,ON,Group C,Burhanuddin,Dhinojwala,195,27
28,128,Isabella,Chen,6/25/2022,75,Cash,23,456,Richmond,St,E,V6B 2G8,Vancouver,BC,Group A,Burhanuddin,Dhinojwala,195,28
29,129,Liam,Zhou,7/30/2022,200,Credit Card,105,789,Victoria,Ave,S,L4N 2A1,Barrie,ON,Group A,Burhanuddin,Dhinojwala,195,29
30,130,Emily,Chen,1/10/2022,100,Credit Card,301,678,Granville,St,S,V6C 1W2,Vancouver,BC,Group C,Burhanuddin,Dhinojwala,195,30
31,131,Arnold,Hall,2/11/2022,100,cash,23,456,Oanar,Drive,W,R2L 0N3,Toronto,ON,Group F,Richiesh ,Dinker,200,31
32,132,Brooke,Sullivan,7/12/2022,200,check,41,789,Highland,St,S,L1N 5Z5,Vancouver,BC,Group F,Richiesh ,Dinker,200,32
33,133,Annabella,Ryan,10/1/2023,50,Debit Card,57,321,Mainard,Rd,E,M5T 2B2,Oshawa,ON,Group F,Richiesh ,Dinker,200,33
34,134,Chester,Chapman,3/1/2023,75,Credit Card,5,678,Mabard,Drive,N,H1X 1H2,Calgary,AB,Group F,Richiesh ,Dinker,200,34
35,135,Emily,Adams,19/2/2023,100,Cash,47,543,Cader,St,W,V5A 2G7,Edmonton,AB,Group F,Richiesh ,Dinker,200,35
36,136,David,Riley,5/11/2022,20,Credit Card,3,205,Rochester,Cr,W,N2L 0N3,Sarnia,ON,Group F,Richiesh ,Dinker,200,36
37,137,Abraham,Harper,22/12/2022,45,Cash,5,12,Dundee,St,N,L1M 4Z5,Niagra,ON,Group F,Richiesh ,Dinker,200,37
38,138,William,Foster,13/1/2023,100,Credit Card,34,457,Manchester,Rd,W,C5T 2B1,Pickering,ON,Group F,Richiesh ,Dinker,200,38
39,139,Aldus,Bailey,9/2/2023,75,Cash,22,505,Leeds,Drive,E,G1X 1H2,Bluemountain,ON,Group F,Richiesh ,Dinker,200,39
40,140,Honey,Parker,23/2/2023,80,Debit Card,101,444,Liverpool,St,N,V5N 2O7,Kelowna,BC,Group F,Richiesh ,Dinker,200,40
41,141,Dominik,Howard,3/1/2023,100,Debit Card,22,34,Ramsay,St,S,R2B 1N3,Kamloops,BC,Group F,Richiesh ,Dinker,200,41
42,142,Violet,Lloyd,15/2/2023,200,Credit Card,24,45,Ronald,Cr,S,L1E 8Z5,Victoria,BC,Group F,Richiesh ,Dinker,200,42
43,143,Maya,Grant,25/11/2022,50,Debit Card,27,67,College,St,W,M5H 5B2,Surrey,BC,Group F,Richiesh ,Dinker,200,43
44,144,Carlos,Chapman,30/12/2022,75,cash,29,223,Massey,Rd,S,U1X 8H2,Burnaby,BC,Group F,Richiesh ,Dinker,200,44
45,145,Julia,Harris,27/1/2023,100,check,56,12,Patrick,Drive,E,R5D 2G8,Richmond,BC,Group F,Richiesh ,Dinker,200,45
46,146,Matthew,Betty,1/23/2022,600,Credit Card,122,456,Church st,Rd,N,A1B 2C3,Sudbury,ON,Group A,Akshay,Aswale,210,46
47,147,Anthony,Margaret,1/2/2022,850,Check,12,678,Elm St,Blvd,W,M1N 2P3,Sudbury,ON,Group A,Akshay,Aswale,210,47
48,148,Mark,Sandra,1/15/2022,400,Cash,115,1011,Oak St,St,E,V6R 2R3,Sudbury,BC,Group B,Akshay,Aswale,210,48
49,149,Donald,Ashley,1/4/2022,200,Credit Card,20,121,Harbour st,Ave,N,L8N 2W6,Sudbury,BC,Group B,Akshay,Aswale,210,49
50,150,Steven,Kimberly,10/05/2022,100,Check,325,890,Maple Ave,Ave,S,H3W 3B1,Kenora,BC,Group B,Akshay,Aswale,210,50
51,151,Paul,Emily,1/6/2022,100,Cash,10,232,Cedar St,Rd,W,K1N 5J2,Kenora,ON,Group C,Akshay,Aswale,210,51
52,152,Andrew,Donna,04/07/2022,120,Credit Card,112,567,Pine Ave,Blvd,E,G1R 3Z6,Kenora,QC,Group C,Akshay,Aswale,210,52
53,153,Joshua,Michelle,1/8/2022,750,Check,9,1212,King St,St,S,R3L 0N3,Kenora,QC,Group C,Akshay,Aswale,210,53
54,154,Kenneth,Carol,08/09/2022,800,Cash,11,343,Queen St,Ave,W,L1N 5V5,Kenora,QC,Group D,Akshay,Aswale,210,54
55,155,Kevin,Amanda,08/11/2022,1200,Credit Card,16,48,Main St,Rd,N,L3N 7H3,Niagara,MB,Group C,Akshay,Aswale,210,55
56,156,Brian,Dorothy,04/06/2022,650,Check,510,37,Elm St,Blvd,S,P2C 9K3,Niagara,MB,Group C,Akshay,Aswale,210,56
57,157,George,Melissa,03/09/2022,450,Cash,212,259,Oak St,St,W,T5L 7N4,Niagara,MB,Group C,Akshay,Aswale,210,57
58,158,Timothy,Deborah,02/23/2022,300,Credit Card,220,147,High St,Ave,E,E3M 5T8,Niagara,AB,Group D,Akshay,Aswale,210,58
59,159,Ronald,Stephanie,05/15/2022,250,Check,307,35,Maple Ave,Blvd,N,9H5 8A9,Nipissing,AB,Group C,Akshay,Aswale,210,59
60,160,Edward,Rebecca,07/11/2022,150,Check,401,76,Harbour st,St,W,C6R 5B8,Simcoe,AB,Group C,Akshay,Aswale,210,60
61,161,Aarav,Singh,2/9/2022,100,Credit Card,101,123,Main St,St,N,M5T 2G2,Toronto,ON,Group E,Tanishq,Babbar,193,61
62,162,Riya,Patel,2/10/2022,200,Debit Card,202,456,Oak,Ave,W,H2W 1H2,Montreal,QC,Group E,Tanishq,Babbar,193,62
63,163,Anjali,Kumar,3/10/2022,50,cash,303,789,Elm,Drive,S,V6B 2G2,Vancouver,BC,Group E,Tanishq,Babbar,193,63
64,164,Arjun,Rao,4/10/2022,75,check,404,321,Bay,St,E,L1N 2Y5,Oshawa,ON,Group E,Tanishq,Babbar,193,64
65,165,Nisha,Gupta,5/10/2022,100,Debit Card,505,678,Pine,Rd,N,M3K 2B9,North York,ON,Group E,Tanishq,Babbar,193,65
66,166,Rohit,Sharma,1/11/2022,150,Credit Card,606,543,Maple,Cr,W,L3R 1A2,Markham,ON,Group E,Tanishq,Babbar,193,66
67,167,Virat,Kohli,2/11/2022,500,Cash,10,55,Dumaine,St,N,L1P 0G8,Whitby,ON,Group E,Tanishq,Babbar,193,67
68,168,Tanvi,Gupta,3/11/2022,50,Credit Card,1010,890,Willow,Rd,W,L5J 2S4,Mississauga,ON,Group E,Tanishq,Babbar,193,68
69,169,Lisa,Lee,4/11/2022,75,Cash,501,890,Cader,Drive,E,V3H 2W1,Coquitlam,BC,Group E,Tanishq,Babbar,193,69
70,170,John,Cena,5/11/2022,85,Debit Card,1111,432,Cherry,St,S,V2C 2N5,Vancouver,BC,Group E,Tanishq,Babbar,193,70
71,171,Mark,Smith,6/11/2022,90,Credit Card,1011,555,Birch,St,S,V5K 2A7,Vancouver,BC,Group E,Tanishq,Babbar,193,71
72,172,Kylian,Mbappe,9/11/2022,100,Debit Card,2211,543,Oak,St,S,C3C 3C3,Vancouver,BC,Group E,Tanishq,Babbar,193,72
73,173,Jack ,Grealish,07/05/2022,100,Credit Card,222,123,Main,St,N,M1M 1M1,Toronto,ON,Group E,Tanishq,Babbar,193,73
74,174,Karim,Benzema,06/08/2022,200,check,456,789,King,Ave,W,V3V 3V3,Vancouver,BC,Group E,Tanishq,Babbar,193,74
75,175,Luka,Modric,05/04/2022,250,cash,111,2468,Yonge,St,S,L4G 1N1,Richmond Hill,ON,Group E,Tanishq,Babbar,193,75
76,176,Jordan,Saddler,10/12/2022,1500,Credit Card,829,539,Peter,Rd,N,M13 0R6,Montreal,QC,Group B,Jayesh,Rokade,172,76
77,177,Esther,Romero,03/05/2022,200,Debit Card,1407,157,Starchan,Ave,W,U8V3H8,Burnaby,BC,Group A,Jayesh,Rokade,172,77
78,178,Genoveva,Sagayno,05/02/2022,1200,cash,4908,385,Oakwood,Ave,E,H8G 5A1,Toronto,ON,Group A,Jayesh,Rokade,172,78
79,179,Ashleigh,Sager,08/29/2022,700,Credit Card,527,6468,Ennerdale,Rd,N,L1M2E7,Milton,ON,Group B,Jayesh,Rokade,172,79
80,180,Daniel,Park,07/02/2022,100,Debit Card,182,6129,Dufferin ,St,S,U6V 2G3,Toronto,ON,Group B,Jayesh,Rokade,172,80
81,181,Stephen,Piper,07/31/2022,350,cash,904,7946,Wembley,St,W,S4A 2A8,Whitby,ON,Group A,Jayesh,Rokade,172,81
82,182,Kyle,Tutert,11/28/2022,120,Credit Card,1102,6130,Chiltern Hill,Ave,E,M2J 4R5,Montreal,QC,Group A,Jayesh,Rokade,172,82
83,183,Alexis,Ward,12/10/2022,400,Debit Card,2601,6468,Claxton,Rd,S,M4K 3M7,Simcoe,AB,Group B,Jayesh,Rokade,172,83
84,184,Melina,Stevens,05/16/2022,100,Credit Card,211,6131,Albany,Drive,W,M9V 3R3,Vancouver,BC,Group B,Jayesh,Rokade,172,84
85,185,Ringo,Lopez,09/19/2022,200,cash,110,7994,Grace,St,N,M1G 3M5,Kenora,QC,Group A,Jayesh,Rokade,172,85
86,186,Genoveva,Sagayno,10/15/2022,500,Debit Card,303,672,Huron,Rd,W,M9P3V3,Kenora,QC,Group A,Jayesh,Rokade,172,86
87,187,Kearyn,Vos,03/26/2022,300,cash,816,6304,Howland,Drive,S,L1R 0J4,Burlington,ON,Group B,Jayesh,Rokade,172,87
88,188,Darren,Lussier,08/04/2022,100,Credit Card,1612,6907,Crawford,St,N,M4M 1S7,Burnaby,BC,Group C,Jayesh,Rokade,172,88
89,189,Jenna,Mahon,06/20/2022,200,Credit Card,901,289,Marion,Drive,S,L0A 1E0,Missisauga,ON,Group A,Jayesh,Rokade,172,89
90,190,Elan,Harper,12/3/2022,600,Debit Card,509,4593],Ossington,Ave,S,M1B 4X8,Toronto,ON,Group D,Jayesh,Rokade,172,90